Company Name,Job Opportunity Name,City,State,Clinical Subspecialty Client Wants,Complete Job Description
Sample Hospital 1,AL - BIRMINGHAM Job Title,Birmingham,AL - Alabama,General Surgery; Pediatric Surgery,"Lorem ipsum dolor sit amet, consectetur adipiscing elit, sed do eiusmod tempor incididunt ut labore et dolore magna aliqua. In massa tempor nec feugiat nisl pretium fusce id velit. Sit amet massa vitae tortor condimentum lacinia quis vel eros. Magna fringilla urna porttitor rhoncus. Interdum consectetur libero id faucibus. Non blandit massa enim nec dui nunc mattis enim ut. Eu sem integer vitae justo. Vitae tortor condimentum lacinia quis vel. Praesent elementum facilisis leo vel. At quis risus sed vulputate odio ut enim blandit. Lectus proin nibh nisl condimentum id venenatis a. Phasellus egestas tellus rutrum tellus pellentesque eu. Vitae nunc sed velit dignissim sodales. Vulputate sapien nec sagittis aliquam malesuada bibendum. Morbi tristique senectus et netus et malesuada fames ac turpis.

Non arcu risus quis varius quam. Urna duis convallis convallis tellus. Libero enim sed faucibus turpis in. Pellentesque elit ullamcorper dignissim cras tincidunt lobortis feugiat vivamus at. Habitant morbi tristique senectus et. Risus viverra adipiscing at in tellus integer. Purus faucibus ornare suspendisse sed nisi lacus sed viverra. Vel turpis nunc eget lorem dolor sed viverra ipsum. Mauris a diam maecenas sed. Ipsum consequat nisl vel pretium lectus. Mi quis hendrerit dolor magna eget est. Sit amet consectetur adipiscing elit duis tristique sollicitudin nibh. Pellentesque elit ullamcorper dignissim cras tincidunt lobortis feugiat. Nisl vel pretium lectus quam id leo in. Eget nullam non nisi est sit amet facilisis magna etiam. Dui ut ornare lectus sit amet est placerat. Fermentum iaculis eu non diam. Vitae tortor condimentum lacinia quis vel eros donec.

Varius morbi enim nunc faucibus a pellentesque. Sagittis id consectetur purus ut faucibus pulvinar elementum. Egestas pretium aenean pharetra magna ac placerat vestibulum lectus mauris. Tincidunt augue interdum velit euismod in pellentesque massa placerat duis. Tristique risus nec feugiat in fermentum posuere urna nec. Purus in mollis nunc sed id. Tortor dignissim convallis aenean et tortor at risus. Augue mauris augue neque gravida in fermentum. Aliquam nulla facilisi cras fermentum. In egestas erat imperdiet sed."
Sample General Hospital,AR - Springsfield General NS,Springsfield,AR - Arkansas,General Surgery; Pediatric Surgery,"Ornare arcu odio ut sem nulla pharetra diam sit amet. Dui nunc mattis enim ut tellus elementum sagittis. Sapien faucibus et molestie ac. Donec massa sapien faucibus et molestie. Morbi blandit cursus risus at ultrices mi tempus. Eget magna fermentum iaculis eu. Sed vulputate mi sit amet mauris. Lectus proin nibh nisl condimentum id. Tortor consequat id porta nibh venenatis. Feugiat vivamus at augue eget arcu dictum varius. Pellentesque habitant morbi tristique senectus. Aenean pharetra magna ac placerat vestibulum lectus mauris ultrices eros. Habitasse platea dictumst quisque sagittis purus sit. In aliquam sem fringilla ut morbi tincidunt augue. Enim sit amet venenatis urna cursus. In pellentesque massa placerat duis ultricies lacus. Quis hendrerit dolor magna eget est. Velit dignissim sodales ut eu.

Vulputate ut pharetra sit amet aliquam id diam maecenas. Mattis enim ut tellus elementum sagittis. Pretium quam vulputate dignissim suspendisse in. Ornare arcu dui vivamus arcu felis bibendum ut tristique et. Nulla porttitor massa id neque aliquam vestibulum. Enim sit amet venenatis urna cursus eget."
General Academic Center,AR - LITTLE ROCK Spine NS,Little Rock,AR - Arkansas,General Surgery; Pediatric Surgery,Ornare arcu odio ut sem nulla pharetra diam sit amet. Dui nunc mattis enim ut tellus elementum sagittis. Sapien faucibus et molestie ac. Donec massa sapien faucibus et molestie. Morbi blandit cursus risus at ultrices mi tempus. Eget magna fermentum iaculis eu. Sed vulputate mi sit amet mauris. Lectus proin nibh nisl condimentum id. Tortor consequat id porta nibh venenatis. Feugiat vivamus at augue eget arcu dictum varius. Pellentesque habitant morbi tristique senectus. Aenean pharetra magna ac placerat vestibulum lectus mauris ultrices eros. Habitasse platea dictumst quisque sagittis purus sit. In aliquam sem fringilla ut morbi tincidunt augue. Enim sit amet venenatis urna cursus. In pellentesque massa placerat duis ultricies lacus. Quis hendrerit dolor magna eget est. Velit dignissim sodales ut eu.
Sample Medical Center,AR - LITTLE ROCK - Spine NS (Contingent),Little Rock,AR - Arkansas,General Surgery; Pediatric Surgery,Ornare arcu odio ut sem nulla pharetra diam sit amet. Dui nunc mattis enim ut tellus elementum sagittis. Sapien faucibus et molestie ac. Donec massa sapien faucibus et molestie. Morbi blandit cursus risus at ultrices mi tempus. Eget magna fermentum iaculis eu. Sed vulputate mi sit amet mauris. Lectus proin nibh nisl condimentum id. Tortor consequat id porta nibh venenatis. Feugiat vivamus at augue eget arcu dictum varius. Pellentesque habitant morbi tristique senectus. Aenean pharetra magna ac placerat vestibulum lectus mauris ultrices eros. Habitasse platea dictumst quisque sagittis purus sit. In aliquam sem fringilla ut morbi tincidunt augue. Enim sit amet venenatis urna cursus. In pellentesque massa placerat duis ultricies lacus. Quis hendrerit dolor magna eget est. Velit dignissim sodales ut eu.
Super Healthcare System,FL - Tampa Spine NS,Tampa,FL - Florida,General Surgery; Pediatric Surgery,Ornare arcu odio ut sem nulla pharetra diam sit amet. Dui nunc mattis enim ut tellus elementum sagittis. Sapien faucibus et molestie ac. Donec massa sapien faucibus et molestie. Morbi blandit cursus risus at ultrices mi tempus. Eget magna fermentum iaculis eu. Sed vulputate mi sit amet mauris. Lectus proin nibh nisl condimentum id. Tortor consequat id porta nibh venenatis. Feugiat vivamus at augue eget arcu dictum varius. Pellentesque habitant morbi tristique senectus. Aenean pharetra magna ac placerat vestibulum lectus mauris ultrices eros. Habitasse platea dictumst quisque sagittis purus sit. In aliquam sem fringilla ut morbi tincidunt augue. Enim sit amet venenatis urna cursus. In pellentesque massa placerat duis ultricies lacus. Quis hendrerit dolor magna eget est. Velit dignissim sodales ut eu.
State Brain & Spine,FL - St. Petersburg General NS,St. Petersburg,FL - Florida,General Surgery; Pediatric Surgery,Vulputate ut pharetra sit amet aliquam id diam maecenas. Mattis enim ut tellus elementum sagittis. Pretium quam vulputate dignissim suspendisse in. Ornare arcu dui vivamus arcu felis bibendum ut tristique et. Nulla porttitor massa id neque aliquam vestibulum. Enim sit amet venenatis urna cursus eget.
State Institute,FL - ST. PETERSBURG General/Spine NS,St. Petersburg,FL - Florida,General Surgery; Pediatric Surgery,Vulputate ut pharetra sit amet aliquam id diam maecenas. Mattis enim ut tellus elementum sagittis. Pretium quam vulputate dignissim suspendisse in. Ornare arcu dui vivamus arcu felis bibendum ut tristique et. Nulla porttitor massa id neque aliquam vestibulum. Enim sit amet venenatis urna cursus eget.
Southern Hospital,FL - TAMPA Spine NS (contingent),Tampa,FL - Florida,General Surgery; Pediatric Surgery,Vulputate ut pharetra sit amet aliquam id diam maecenas. Mattis enim ut tellus elementum sagittis. Pretium quam vulputate dignissim suspendisse in. Ornare arcu dui vivamus arcu felis bibendum ut tristique et. Nulla porttitor massa id neque aliquam vestibulum. Enim sit amet venenatis urna cursus eget.
Bluegrass Brain Center,KY - Springfield Spine NS,Springfield,KY - Kentucky,General Surgery; Pediatric Surgery,Vulputate ut pharetra sit amet aliquam id diam maecenas. Mattis enim ut tellus elementum sagittis. Pretium quam vulputate dignissim suspendisse in. Ornare arcu dui vivamus arcu felis bibendum ut tristique et. Nulla porttitor massa id neque aliquam vestibulum. Enim sit amet venenatis urna cursus eget.
Southeast Brain and Spine,LA - CLEVELAND General/Spine Neurosurgery,Cleveland,LA - Louisiana,General Surgery; Pediatric Surgery,Vulputate ut pharetra sit amet aliquam id diam maecenas. Mattis enim ut tellus elementum sagittis. Pretium quam vulputate dignissim suspendisse in. Ornare arcu dui vivamus arcu felis bibendum ut tristique et. Nulla porttitor massa id neque aliquam vestibulum. Enim sit amet venenatis urna cursus eget.
OK Brain,OK - Oklahoma City General NS,Oklahoma City,OK - Oklahoma,General Surgery; Pediatric Surgery,Vulputate ut pharetra sit amet aliquam id diam maecenas. Mattis enim ut tellus elementum sagittis. Pretium quam vulputate dignissim suspendisse in. Ornare arcu dui vivamus arcu felis bibendum ut tristique et. Nulla porttitor massa id neque aliquam vestibulum. Enim sit amet venenatis urna cursus eget.
South Carolina Hospital,SC - COLUMBUS General NS,Columbus,SC - South Carolina,General Surgery; Pediatric Surgery,Vulputate ut pharetra sit amet aliquam id diam maecenas. Mattis enim ut tellus elementum sagittis. Pretium quam vulputate dignissim suspendisse in. Ornare arcu dui vivamus arcu felis bibendum ut tristique et. Nulla porttitor massa id neque aliquam vestibulum. Enim sit amet venenatis urna cursus eget.
South Carolina Institute,SC - Springfield General/Spine NS (contingent),Springfield,SC - South Carolina,General Surgery; Pediatric Surgery,Vulputate ut pharetra sit amet aliquam id diam maecenas. Mattis enim ut tellus elementum sagittis. Pretium quam vulputate dignissim suspendisse in. Ornare arcu dui vivamus arcu felis bibendum ut tristique et. Nulla porttitor massa id neque aliquam vestibulum. Enim sit amet venenatis urna cursus eget.
Southern Health,SC - Portsmouth Pediatric NS (Contingent),Portsmouth,SC - South Carolina,General Surgery; Pediatric Surgery,Vulputate ut pharetra sit amet aliquam id diam maecenas. Mattis enim ut tellus elementum sagittis. Pretium quam vulputate dignissim suspendisse in. Ornare arcu dui vivamus arcu felis bibendum ut tristique et. Nulla porttitor massa id neque aliquam vestibulum. Enim sit amet venenatis urna cursus eget.
Texas General Hospital,TX - HOUSTON - Gen NS,Houston,TX - Texas,General Surgery; Pediatric Surgery,Vulputate ut pharetra sit amet aliquam id diam maecenas. Mattis enim ut tellus elementum sagittis. Pretium quam vulputate dignissim suspendisse in. Ornare arcu dui vivamus arcu felis bibendum ut tristique et. Nulla porttitor massa id neque aliquam vestibulum. Enim sit amet venenatis urna cursus eget.
Western Hospital,TX - EL PASO - Spine NS,El Paso,TX - Texas,General Surgery; Pediatric Surgery,Vulputate ut pharetra sit amet aliquam id diam maecenas. Mattis enim ut tellus elementum sagittis. Pretium quam vulputate dignissim suspendisse in. Ornare arcu dui vivamus arcu felis bibendum ut tristique et. Nulla porttitor massa id neque aliquam vestibulum. Enim sit amet venenatis urna cursus eget.
Western Medical Center,TX - DALLAS Gen NS,Dallas,TX - Texas,General Surgery; Pediatric Surgery,Vulputate ut pharetra sit amet aliquam id diam maecenas. Mattis enim ut tellus elementum sagittis. Pretium quam vulputate dignissim suspendisse in. Ornare arcu dui vivamus arcu felis bibendum ut tristique et. Nulla porttitor massa id neque aliquam vestibulum. Enim sit amet venenatis urna cursus eget.
Brain and Spine,TX - SAN ANTONIO Spine NS,San Antonio,TX - Texas,General Surgery; Pediatric Surgery,Vulputate ut pharetra sit amet aliquam id diam maecenas. Mattis enim ut tellus elementum sagittis. Pretium quam vulputate dignissim suspendisse in. Ornare arcu dui vivamus arcu felis bibendum ut tristique et. Nulla porttitor massa id neque aliquam vestibulum. Enim sit amet venenatis urna cursus eget.
Virginia Hospital,VA - ALEXANDRIA - Cranial NS,Alexandria,VA - Virginia,General Surgery; Pediatric Surgery,Vulputate ut pharetra sit amet aliquam id diam maecenas. Mattis enim ut tellus elementum sagittis. Pretium quam vulputate dignissim suspendisse in. Ornare arcu dui vivamus arcu felis bibendum ut tristique et. Nulla porttitor massa id neque aliquam vestibulum. Enim sit amet venenatis urna cursus eget.
Virginia Hospital,VA - FAIRFAX - Scoliosis NS,Fairfax,VA - Virginia,General Surgery; Pediatric Surgery,Vulputate ut pharetra sit amet aliquam id diam maecenas. Mattis enim ut tellus elementum sagittis. Pretium quam vulputate dignissim suspendisse in. Ornare arcu dui vivamus arcu felis bibendum ut tristique et. Nulla porttitor massa id neque aliquam vestibulum. Enim sit amet venenatis urna cursus eget.
Southern Ohio Health,WV - Wheeling General NS,Morgantown,WV - West Virginia,General Surgery; Pediatric Surgery,Vulputate ut pharetra sit amet aliquam id diam maecenas. Mattis enim ut tellus elementum sagittis. Pretium quam vulputate dignissim suspendisse in. Ornare arcu dui vivamus arcu felis bibendum ut tristique et. Nulla porttitor massa id neque aliquam vestibulum. Enim sit amet venenatis urna cursus eget.
